id,first_name,last_name,email,gender,ip_address
1,Gerhardine,Boome,gboome0@sina.com.cn,Female,140.231.200.183
2,Levin,Harrigan,lharrigan1@cbsnews.com,Male,110.97.43.8
3,Nevil,Whiston,nwhiston2@ox.ac.uk,Male,17.200.172.126
4,Emili,McCuish,emccuish3@mtv.com,Female,157.85.207.86
5,Legra,Dripps,ldripps4@nyu.edu,Female,67.161.143.135
6,Pennie,Pinor,ppinor5@netscape.com,Male,229.212.177.8
7,Ronna,Milbourn,rmilbourn6@phpbb.com,Female,177.199.110.37
8,Hetty,Vivers,hvivers7@clickbank.net,Female,46.124.177.56
9,Kennett,Crofts,kcrofts8@ox.ac.uk,Male,220.98.91.21
10,Vincenty,Vogl,vvogl9@instagram.com,Male,177.152.224.206
11,Wald,Gairdner,wgairdnera@geocities.com,Male,131.216.56.10
12,Tobiah,Eglise,tegliseb@bluehost.com,Male,52.240.224.96
13,Dorine,Splain,dsplainc@cmu.edu,Female,107.54.188.253
14,Esta,Shevill,eshevilld@constantcontact.com,Female,152.164.193.121
15,Jordanna,Darlison,jdarlisone@blogger.com,Female,149.171.55.170
16,Josy,Sowrah,jsowrahf@google.co.jp,Female,182.113.63.150
17,Grady,Shirt,gshirtg@deviantart.com,Male,139.203.216.167
18,Wit,Penni,wpennih@hibu.com,Male,119.34.227.141
19,Richie,Kowalik,rkowaliki@imageshack.us,Male,218.208.154.140
20,Ken,Breckin,kbreckinj@photobucket.com,Male,241.201.122.7
21,Briant,Ramm,brammk@i2i.jp,Male,83.52.105.219
22,L;urette,Dechelette,ldechelettel@skyrock.com,Female,195.168.111.211
23,Hillery,Jepps,hjeppsm@printfriendly.com,Male,180.174.191.80
24,Humphrey,Trethowan,htrethowann@ow.ly,Male,158.8.80.171
25,Eleen,Corde,ecordeo@craigslist.org,Female,225.86.199.14
26,Garek,Mulderrig,gmulderrigp@netscape.com,Male,224.255.24.48
27,Jordan,Danko,jdankoq@harvard.edu,Female,149.126.237.225
28,Yorgos,Ettles,yettlesr@bing.com,Male,225.23.171.199
29,Bondie,Goodyer,bgoodyers@google.fr,Male,227.125.77.73
30,Idelle,Richmond,irichmondt@fotki.com,Female,116.249.30.161
31,Ernestus,De Nisco,edeniscou@dedecms.com,Male,13.112.98.187
32,Jeane,Lethibridge,jlethibridgev@shareasale.com,Female,115.129.84.250
33,Leshia,Howsley,lhowsleyw@berkeley.edu,Female,119.191.50.98
34,Faythe,Fiddeman,ffiddemanx@google.co.uk,Female,218.86.227.80
35,Hildagard,Taylorson,htaylorsony@apache.org,Female,117.57.146.77
36,Felike,Strachan,fstrachanz@chron.com,Male,68.247.149.23
37,Meris,Brigman,mbrigman10@tamu.edu,Female,149.109.85.79
38,Currey,Dorbin,cdorbin11@senate.gov,Male,180.64.10.1
39,Neall,Ternault,nternault12@house.gov,Male,54.252.36.199
40,Krystal,Pott,kpott13@etsy.com,Female,219.23.136.106
41,Reggis,Halfacre,rhalfacre14@yahoo.com,Male,162.57.223.218
42,Tam,Ruperti,truperti15@ycombinator.com,Male,241.129.166.14
43,Brenn,Majury,bmajury16@miitbeian.gov.cn,Female,125.123.102.7
44,Lynnelle,Hawgood,lhawgood17@hao123.com,Female,25.238.138.233
45,Carolus,Yuryev,cyuryev18@chicagotribune.com,Male,240.248.210.54
46,Rolando,Thicking,rthicking19@xinhuanet.com,Male,169.238.144.142
47,Dorthy,Telford,dtelford1a@liveinternet.ru,Female,8.74.90.146
48,Chad,Hadland,chadland1b@mtv.com,Female,180.121.207.127
49,Ashla,Jankowski,ajankowski1c@istockphoto.com,Female,120.31.244.126
50,Cori,Isitt,cisitt1d@123-reg.co.uk,Male,202.121.68.91
51,Kinnie,Thornthwaite,kthornthwaite1e@csmonitor.com,Male,107.167.113.60
52,Tadio,Ramsay,tramsay1f@msu.edu,Male,201.180.95.40
53,Tallulah,Ferrieroi,tferrieroi1g@ocn.ne.jp,Female,218.210.15.88
54,Dione,Royan,droyan1h@unc.edu,Female,77.133.111.18
55,Kenn,Enrietto,kenrietto1i@fema.gov,Male,135.84.88.11
56,Orelie,Di Angelo,odiangelo1j@simplemachines.org,Female,167.198.173.90
57,Lovell,Strathe,lstrathe1k@istockphoto.com,Male,232.34.101.235
58,Jammal,Skingle,jskingle1l@ycombinator.com,Male,215.220.243.156
59,Jorey,Scrafton,jscrafton1m@dion.ne.jp,Female,14.202.252.63
60,Rodolfo,Bunt,rbunt1n@bluehost.com,Male,74.122.59.97
61,Hildy,Povey,hpovey1o@oakley.com,Female,224.110.194.121
62,Doralynne,Fell,dfell1p@adobe.com,Female,13.237.211.51
63,Karin,Ritson,kritson1q@sun.com,Female,197.154.156.30
64,Corrie,McGuigan,cmcguigan1r@sogou.com,Male,190.83.211.28
65,Alonso,Childerley,achilderley1s@pagesperso-orange.fr,Male,205.29.222.27
66,Rahel,Commander,rcommander1t@tinyurl.com,Female,129.147.73.5
67,Damian,Hobell,dhobell1u@skype.com,Male,141.252.128.128
68,Kasper,Humpage,khumpage1v@mtv.com,Male,61.49.43.5
69,Radcliffe,Franke,rfranke1w@example.com,Male,196.28.106.214
70,Aundrea,Lease,alease1x@biblegateway.com,Female,52.166.159.30
71,Masha,Romeo,mromeo1y@ox.ac.uk,Female,113.192.45.7
72,Zollie,Seamarke,zseamarke1z@biglobe.ne.jp,Male,224.49.196.166
73,Ephrem,Bavridge,ebavridge20@sun.com,Male,133.170.142.7
74,Byran,Tapley,btapley21@parallels.com,Male,114.110.6.134
75,Jamison,Demageard,jdemageard22@cnbc.com,Male,119.245.9.241
76,Charla,Greenlees,cgreenlees23@topsy.com,Female,254.61.166.184
77,Wang,Martensen,wmartensen24@narod.ru,Male,45.151.83.120
78,Silvia,McRitchie,smcritchie25@pbs.org,Female,75.45.106.244
79,Marlane,Hilary,mhilary26@g.co,Female,102.153.121.81
80,Almira,Sidgwick,asidgwick27@phpbb.com,Female,245.250.10.80
81,Roseanna,Abrahmer,rabrahmer28@w3.org,Female,136.151.148.72
82,Carissa,Luxen,cluxen29@chicagotribune.com,Female,162.56.165.13
83,Staci,Boyn,sboyn2a@hubpages.com,Female,116.49.183.123
84,Harman,Twinbrow,htwinbrow2b@bloglines.com,Male,101.71.169.143
85,Kali,McIlwraith,kmcilwraith2c@printfriendly.com,Female,214.13.50.225
86,Rog,Dalrymple,rdalrymple2d@arstechnica.com,Male,190.124.165.144
87,Sterne,Jorg,sjorg2e@goodreads.com,Male,78.196.146.236
88,Lev,Newlands,lnewlands2f@ihg.com,Male,8.21.112.244
89,Pooh,Samways,psamways2g@hhs.gov,Male,239.196.222.52
90,Cristionna,Atlay,catlay2h@spotify.com,Female,14.22.178.210
91,Pate,Braga,pbraga2i@vk.com,Male,66.242.75.114
92,Juliet,McCuish,jmccuish2j@nba.com,Female,63.179.193.202
93,Julietta,Corkell,jcorkell2k@forbes.com,Female,97.139.110.195
94,Opal,Brothwell,obrothwell2l@cornell.edu,Female,118.183.153.80
95,Gertrude,Gorner,ggorner2m@hugedomains.com,Female,183.166.54.100
96,Mame,Pilipets,mpilipets2n@fda.gov,Female,94.179.73.101
97,Starlene,Clemmett,sclemmett2o@census.gov,Female,9.57.23.16
98,Bell,Freer,bfreer2p@comcast.net,Female,250.219.147.28
99,Magdalena,Labbez,mlabbez2q@drupal.org,Female,210.24.77.163
100,Ibbie,Girardi,igirardi2r@cargocollective.com,Female,5.29.143.156
101,Aurelia,Brice,abrice2s@netlog.com,Female,72.41.91.199
102,Sauveur,Trappe,strappe2t@a8.net,Male,101.243.145.61
103,Zabrina,Ludlam,zludlam2u@tamu.edu,Female,214.37.37.204
104,Emmie,Garbutt,egarbutt2v@upenn.edu,Female,223.102.25.228
105,Sherlock,Seabrocke,sseabrocke2w@dropbox.com,Male,142.164.35.77
106,Nikolos,Oherlihy,noherlihy2x@canalblog.com,Male,107.117.57.126
107,Raf,Scriven,rscriven2y@elpais.com,Female,27.63.13.255
108,Read,Boyse,rboyse2z@ihg.com,Male,209.144.30.226
109,Blondell,McKinnell,bmckinnell30@forbes.com,Female,145.34.92.180
110,Stesha,Izard,sizard31@webmd.com,Female,113.173.39.2
111,Gert,Abbitt,gabbitt32@hubpages.com,Female,74.210.10.143
112,Mandy,Gibbonson,mgibbonson33@wiley.com,Female,36.251.111.20
113,Sheridan,Girardetti,sgirardetti34@marketwatch.com,Male,207.1.131.137
114,Katuscha,Darrigrand,kdarrigrand35@unblog.fr,Female,89.84.9.34
115,Dulcea,Slingsby,dslingsby36@instagram.com,Female,8.9.227.18
116,Chaddie,Kilgallon,ckilgallon37@narod.ru,Male,236.225.33.25
117,Melvyn,Izakovitz,mizakovitz38@usa.gov,Male,232.135.107.106
118,Aindrea,Shallcross,ashallcross39@baidu.com,Female,97.190.23.188
119,Reginauld,Remon,rremon3a@theglobeandmail.com,Male,181.83.95.104
120,Lira,Malley,lmalley3b@bloglovin.com,Female,34.142.247.38
121,Lucais,Wane,lwane3c@archive.org,Male,235.139.222.127
122,Betsey,Godain,bgodain3d@google.com,Female,214.29.164.146
123,Kare,Bernardi,kbernardi3e@usda.gov,Female,18.214.138.57
124,Neil,Welsh,nwelsh3f@cmu.edu,Male,150.166.207.187
125,Juliette,Gimert,jgimert3g@bing.com,Female,20.151.35.152
126,Karolina,McDell,kmcdell3h@latimes.com,Female,34.54.229.249
127,Merralee,Lubeck,mlubeck3i@ow.ly,Female,239.135.166.3
128,Else,Rockliffe,erockliffe3j@arstechnica.com,Female,252.75.44.145
129,Oriana,Ondracek,oondracek3k@myspace.com,Female,40.24.181.171
130,Elliott,Kiddle,ekiddle3l@list-manage.com,Male,100.15.143.138
131,Sampson,Phinnessy,sphinnessy3m@bing.com,Male,228.171.153.202
132,Con,Lorinez,clorinez3n@istockphoto.com,Female,227.86.28.48
133,Maurita,Spadelli,mspadelli3o@nytimes.com,Female,70.45.242.76
134,Wes,Richfield,wrichfield3p@mit.edu,Male,8.5.102.207
135,Janella,Steane,jsteane3q@mit.edu,Female,38.126.226.135
136,Padriac,Luety,pluety3r@instagram.com,Male,194.93.240.174
137,Ahmed,Whatham,awhatham3s@paypal.com,Male,169.196.174.14
138,Iseabal,Vallentin,ivallentin3t@clickbank.net,Female,69.23.172.147
139,Theodosia,Daughtery,tdaughtery3u@hibu.com,Female,33.232.14.225
140,Thadeus,Fallowfield,tfallowfield3v@nature.com,Male,50.248.30.81
141,Delaney,Breitling,dbreitling3w@princeton.edu,Male,7.144.107.31
142,Maudie,Witter,mwitter3x@webs.com,Female,98.139.162.25
143,Rhett,Crippen,rcrippen3y@jiathis.com,Male,106.230.31.233
144,Patrice,Torry,ptorry3z@yale.edu,Male,95.202.176.195
145,Carline,Hammill,chammill40@msu.edu,Female,210.158.41.119
146,Kurt,Warder,kwarder41@oracle.com,Male,168.66.205.84
147,Joye,Lindl,jlindl42@oaic.gov.au,Female,116.140.190.204
148,Marlo,Bootland,mbootland43@desdev.cn,Female,243.129.106.120
149,Rollo,Berggren,rberggren44@google.com.au,Male,221.7.63.84
150,Kalila,Suthren,ksuthren45@icq.com,Female,166.43.228.49
151,Dennie,Polye,dpolye46@netvibes.com,Female,50.140.219.219
152,Cyndia,Kittles,ckittles47@linkedin.com,Female,209.199.233.37
153,Cullan,Grayley,cgrayley48@ft.com,Male,216.231.168.15
154,Berkly,Abbis,babbis49@meetup.com,Male,18.7.127.241
155,Florance,Bontoft,fbontoft4a@list-manage.com,Female,204.203.3.255
156,Clarice,Powland,cpowland4b@tumblr.com,Female,83.51.47.245
157,Jacobo,Dametti,jdametti4c@prweb.com,Male,188.112.137.255
158,Bron,Bunney,bbunney4d@hibu.com,Male,206.64.202.21
159,Valentia,Caustic,vcaustic4e@epa.gov,Female,39.220.154.138
160,Cale,Johanning,cjohanning4f@barnesandnoble.com,Male,143.57.51.131
161,Gifford,Sapsed,gsapsed4g@acquirethisname.com,Male,34.98.96.139
162,Von,Skinn,vskinn4h@fastcompany.com,Male,84.3.98.189
163,Bessy,Capper,bcapper4i@fema.gov,Female,232.60.208.155
164,Bryanty,Tidgewell,btidgewell4j@nhs.uk,Male,34.34.96.99
165,Ruthe,Espinazo,respinazo4k@jiathis.com,Female,220.205.141.168
166,Danna,Sappell,dsappell4l@msn.com,Female,248.149.242.176
167,Emmie,Caruth,ecaruth4m@istockphoto.com,Female,213.115.228.131
168,Graham,Guilford,gguilford4n@wsj.com,Male,223.181.249.178
169,Marti,Garvin,mgarvin4o@theglobeandmail.com,Female,168.164.110.248
170,Sean,Gilligan,sgilligan4p@cafepress.com,Male,88.137.3.96
171,Salaidh,Risely,srisely4q@tuttocitta.it,Female,142.185.177.108
172,Pegeen,Tolliday,ptolliday4r@fotki.com,Female,60.249.252.179
173,Annabelle,Mitchinson,amitchinson4s@unesco.org,Female,5.81.14.42
174,Floria,Olrenshaw,folrenshaw4t@mediafire.com,Female,30.51.113.140
175,Dale,Dannett,ddannett4u@ed.gov,Male,245.94.39.9
176,Sayre,Allenson,sallenson4v@ted.com,Female,234.96.62.156
177,Aldon,Fillan,afillan4w@amazon.com,Male,226.65.92.117
178,Blake,Hinkens,bhinkens4x@scribd.com,Male,50.121.152.180
179,Ban,Blinerman,bblinerman4y@telegraph.co.uk,Male,248.232.79.132
180,Aveline,Caustick,acaustick4z@independent.co.uk,Female,106.230.47.62
181,Emmett,Castellucci,ecastellucci50@constantcontact.com,Male,64.125.233.134
182,Cart,Gatcliff,cgatcliff51@wikipedia.org,Male,196.108.114.97
183,Bartlett,Golledge,bgolledge52@t-online.de,Male,170.19.32.159
184,Constantino,Enderle,cenderle53@unc.edu,Male,45.182.87.114
185,Zelma,Pearcey,zpearcey54@weather.com,Female,208.17.215.166
186,Phillipp,Moyce,pmoyce55@answers.com,Male,253.10.196.115
187,Hersh,Dayton,hdayton56@t-online.de,Male,75.140.180.11
188,Aveline,Hocking,ahocking57@google.com.br,Female,238.42.249.59
189,Ramsay,Bosch,rbosch58@over-blog.com,Male,12.228.67.71
190,Den,Daines,ddaines59@networksolutions.com,Male,33.35.122.105
191,Osmond,Heliet,oheliet5a@ihg.com,Male,125.149.208.170
192,Jens,Kerne,jkerne5b@woothemes.com,Male,7.114.145.171
193,Clarissa,Smalridge,csmalridge5c@tripod.com,Female,34.108.248.108
194,Blane,MacAloren,bmacaloren5d@ted.com,Male,235.183.41.157
195,Burty,Scougall,bscougall5e@myspace.com,Male,100.157.13.129
196,Godiva,Soots,gsoots5f@army.mil,Female,199.11.82.209
197,Sascha,Corden,scorden5g@webs.com,Female,192.255.23.188
198,Barrie,Tynnan,btynnan5h@drupal.org,Male,220.44.51.128
199,Lorianna,Brome,lbrome5i@t-online.de,Female,196.158.125.19
200,Mandel,Lezemere,mlezemere5j@desdev.cn,Male,237.186.225.45
201,Taddeusz,Verson,tverson5k@de.vu,Male,241.134.210.62
202,Haydon,Fydo,hfydo5l@merriam-webster.com,Male,54.22.25.184
203,Barnebas,Ledstone,bledstone5m@cargocollective.com,Male,208.151.206.166
204,Cyrille,Durno,cdurno5n@microsoft.com,Male,104.249.205.238
205,Titos,Hercules,thercules5o@google.co.uk,Male,145.160.4.72
206,Gretel,Golton,ggolton5p@list-manage.com,Female,25.125.235.122
207,Adair,Thunder,athunder5q@biblegateway.com,Male,100.141.64.51
208,Paola,Lias,plias5r@sitemeter.com,Female,128.250.10.148
209,Westbrook,Pettegree,wpettegree5s@harvard.edu,Male,153.54.136.125
210,Gerick,Nourse,gnourse5t@sun.com,Male,207.164.192.201
211,Eli,Patshull,epatshull5u@rakuten.co.jp,Male,0.64.224.114
212,Kariotta,Tompkinson,ktompkinson5v@shop-pro.jp,Female,126.15.54.218
213,Letti,Kedge,lkedge5w@shutterfly.com,Female,28.170.90.27
214,Zared,Witcher,zwitcher5x@example.com,Male,194.94.8.210
215,Bernadene,McCloughlin,bmccloughlin5y@photobucket.com,Female,12.223.108.135
216,Towny,Kermit,tkermit5z@miitbeian.gov.cn,Male,119.102.163.111
217,Hagan,Mallender,hmallender60@craigslist.org,Male,208.96.208.231
218,Hettie,Alsop,halsop61@yale.edu,Female,249.127.191.54
219,Loralie,Muslim,lmuslim62@cyberchimps.com,Female,215.120.6.122
220,Stoddard,Petri,spetri63@dagondesign.com,Female,47.139.9.13
221,Celle,Jaggers,cjaggers64@wsj.com,Female,180.198.148.5
222,Carolan,Fligg,cfligg65@who.int,Female,130.44.131.123
223,Brittaney,Copperwaite,bcopperwaite66@usda.gov,Female,21.216.56.211
224,Fredelia,Beadell,fbeadell67@csmonitor.com,Female,117.54.99.112
225,Porty,Lunnon,plunnon68@unesco.org,Male,227.145.36.178
226,Lonnard,Castaneda,lcastaneda69@csmonitor.com,Male,86.83.185.91
227,Mario,MacUchadair,mmacuchadair6a@yolasite.com,Male,191.70.122.13
228,Bridget,Merrell,bmerrell6b@oaic.gov.au,Female,66.218.182.169
229,Lothario,Christley,lchristley6c@is.gd,Male,26.175.190.171
230,Alejandra,Bellamy,abellamy6d@si.edu,Female,171.213.8.4
231,Madonna,Maasz,mmaasz6e@blinklist.com,Female,243.16.0.7
232,Marillin,Rolfini,mrolfini6f@google.fr,Female,140.193.13.85
233,Elianore,Woodings,ewoodings6g@mayoclinic.com,Female,236.215.157.239
234,Howie,Brudenell,hbrudenell6h@nps.gov,Male,81.253.7.159
235,Polly,Overstone,poverstone6i@google.fr,Female,22.216.190.239
236,Katuscha,Baumaier,kbaumaier6j@cmu.edu,Female,181.132.87.4
237,Anallese,Reinbeck,areinbeck6k@smugmug.com,Female,164.49.70.200
238,Beaufort,Karolyi,bkarolyi6l@forbes.com,Male,4.103.69.47
239,Antonino,Klossek,aklossek6m@ycombinator.com,Male,66.131.216.57
240,Amerigo,Marple,amarple6n@sphinn.com,Male,125.114.215.53
241,Alika,Darragon,adarragon6o@ask.com,Female,137.201.219.216
242,Kissee,Batha,kbatha6p@globo.com,Female,166.234.84.34
243,Ashbey,Madgett,amadgett6q@symantec.com,Male,89.192.152.224
244,Tybalt,Treadgear,ttreadgear6r@ebay.com,Male,42.152.171.119
245,Annette,Oager,aoager6s@amazon.com,Female,152.25.246.62
246,Alexandre,Thomerson,athomerson6t@exblog.jp,Male,184.104.116.21
247,Nicol,Dovington,ndovington6u@furl.net,Female,69.4.110.5
248,Eli,Attrie,eattrie6v@wikipedia.org,Male,152.214.219.14
249,Suellen,Simkovich,ssimkovich6w@seesaa.net,Female,213.243.210.96
250,Crista,Locksley,clocksley6x@jugem.jp,Female,136.185.191.198
251,Renee,Doak,rdoak6y@mlb.com,Female,13.57.123.82
252,Sumner,Simoncini,ssimoncini6z@independent.co.uk,Male,38.202.232.222
253,Renate,Muldrew,rmuldrew70@wufoo.com,Female,131.79.251.151
254,Gilbertina,Donald,gdonald71@bravesites.com,Female,196.127.237.66
255,Aida,Halfacree,ahalfacree72@github.com,Female,83.186.236.189
256,Sheilah,Gann,sgann73@dion.ne.jp,Female,171.56.20.130
257,Guy,Applewhite,gapplewhite74@technorati.com,Male,37.84.70.10
258,Sumner,Ledrane,sledrane75@meetup.com,Male,197.36.194.45
259,Cosme,Brawson,cbrawson76@cnn.com,Male,67.237.131.156
260,Ilaire,Yoskowitz,iyoskowitz77@indiatimes.com,Male,101.93.180.17
261,Klarrisa,Egger,kegger78@issuu.com,Female,80.58.165.39
262,Axel,Rate,arate79@barnesandnoble.com,Male,207.59.193.216
263,Marty,Millsom,mmillsom7a@360.cn,Male,173.198.163.218
264,Catina,Wateridge,cwateridge7b@xing.com,Female,139.0.210.96
265,Ariel,Obell,aobell7c@umich.edu,Male,100.28.61.32
266,Falito,Owthwaite,fowthwaite7d@scientificamerican.com,Male,107.5.131.196
267,Tamiko,Ridsdale,tridsdale7e@github.io,Female,225.93.145.108
268,Adlai,Heynel,aheynel7f@apache.org,Male,222.79.210.143
269,Velma,Lillford,vlillford7g@examiner.com,Female,124.226.85.111
270,Huntley,Bollands,hbollands7h@nationalgeographic.com,Male,50.150.35.243
271,Kevina,Dossantos,kdossantos7i@wp.com,Female,217.57.167.21
272,Thaddeus,Rotlauf,trotlauf7j@so-net.ne.jp,Male,205.54.143.169
273,Fleurette,Juckes,fjuckes7k@miitbeian.gov.cn,Female,185.121.124.251
274,Nina,Livens,nlivens7l@bloglines.com,Female,162.29.30.104
275,Tracy,Skinley,tskinley7m@amazonaws.com,Male,172.43.19.59
276,Georges,Tourville,gtourville7n@jugem.jp,Male,154.125.24.120
277,Misha,Sheere,msheere7o@topsy.com,Female,96.33.41.193
278,Dulcinea,Marsland,dmarsland7p@dyndns.org,Female,74.140.110.133
279,Angelica,Brahmer,abrahmer7q@163.com,Female,39.21.86.49
280,Cazzie,Tinwell,ctinwell7r@narod.ru,Male,240.129.87.31
281,Bale,Cannicott,bcannicott7s@surveymonkey.com,Male,185.7.33.27
282,Liane,Maudlen,lmaudlen7t@domainmarket.com,Female,139.188.193.42
283,Brady,Dunphy,bdunphy7u@newsvine.com,Male,79.155.38.192
284,Rudiger,Tasch,rtasch7v@mashable.com,Male,207.92.175.108
285,Ninette,Borsi,nborsi7w@ning.com,Female,106.134.29.13
286,Hans,Lynthal,hlynthal7x@alibaba.com,Male,72.231.76.129
287,Floris,Leggan,fleggan7y@buzzfeed.com,Female,79.43.55.125
288,Catharina,Sennett,csennett7z@jiathis.com,Female,219.55.241.31
289,Theodosia,Saltsberg,tsaltsberg80@economist.com,Female,234.37.137.42
290,Madlen,Tearny,mtearny81@si.edu,Female,153.95.132.77
291,Ronny,Hallas,rhallas82@domainmarket.com,Male,188.86.99.122
292,Gibb,Arndt,garndt83@icio.us,Male,41.192.51.219
293,Evelyn,Mayne,emayne84@arstechnica.com,Male,84.181.177.51
294,Anne-marie,Buswell,abuswell85@edublogs.org,Female,144.92.52.140
295,Demetra,Warden,dwarden86@edublogs.org,Female,245.144.3.240
296,Dinny,Brosetti,dbrosetti87@jigsy.com,Female,180.63.206.240
297,Ermina,Shafe,eshafe88@hostgator.com,Female,91.166.39.225
298,Skelly,Abdy,sabdy89@google.de,Male,92.107.168.150
299,Norbie,Olphert,nolphert8a@google.ca,Male,65.96.224.95
300,Tommy,Willgoose,twillgoose8b@jugem.jp,Female,184.17.246.185
301,Fletcher,Aldritt,faldritt8c@pinterest.com,Male,27.29.248.241
302,Prentice,Dyson,pdyson8d@vimeo.com,Male,115.52.229.234
303,Laurena,Bruyet,lbruyet8e@behance.net,Female,47.5.38.31
304,Sashenka,Gerrans,sgerrans8f@examiner.com,Female,244.42.154.107
305,Marchelle,Whimpenny,mwhimpenny8g@slideshare.net,Female,25.232.79.159
306,Hew,Caldron,hcaldron8h@upenn.edu,Male,8.9.158.109
307,Devy,Guerriero,dguerriero8i@spotify.com,Male,69.48.35.200
308,Petrina,Lemon,plemon8j@angelfire.com,Female,34.251.22.248
309,Elga,Tant,etant8k@surveymonkey.com,Female,190.105.12.107
310,Tiebout,Langrick,tlangrick8l@umn.edu,Male,4.11.167.75
311,Antone,Telford,atelford8m@usda.gov,Male,174.131.107.228
312,Horace,Castangia,hcastangia8n@japanpost.jp,Male,181.69.163.150
313,Harper,Roadknight,hroadknight8o@who.int,Male,66.126.126.29
314,Kara,Aitkenhead,kaitkenhead8p@sohu.com,Female,80.159.192.228
315,Coleman,Slaney,cslaney8q@sciencedirect.com,Male,9.75.158.217
316,Gordon,Ioannou,gioannou8r@example.com,Male,64.121.156.180
317,Abie,Pomfrett,apomfrett8s@liveinternet.ru,Male,63.78.48.53
318,Emlen,Pindell,epindell8t@eventbrite.com,Male,82.183.166.92
319,Aleksandr,Mapes,amapes8u@hugedomains.com,Male,188.177.176.15
320,Jennie,McCaw,jmccaw8v@stumbleupon.com,Female,214.234.86.247
321,Page,Turneux,pturneux8w@google.nl,Male,10.148.24.97
322,Celina,Prettyjohns,cprettyjohns8x@apache.org,Female,182.38.126.67
323,Karole,O'Lagene,kolagene8y@dyndns.org,Female,224.169.39.12
324,Chester,Gare,cgare8z@ezinearticles.com,Male,207.223.25.54
325,Erek,Guise,eguise90@google.co.jp,Male,40.109.230.32
326,Lucie,Lennard,llennard91@theguardian.com,Female,24.249.208.147
327,Meris,Antonowicz,mantonowicz92@elpais.com,Female,140.160.62.29
328,Blane,MacKeig,bmackeig93@symantec.com,Male,182.83.29.64
329,Melisenda,Dudeney,mdudeney94@geocities.jp,Female,12.71.209.21
330,Rowe,Rediers,rrediers95@japanpost.jp,Female,64.251.48.31
331,Saul,Gravener,sgravener96@reference.com,Male,31.191.244.119
332,Sherye,Hughill,shughill97@sohu.com,Female,164.140.33.51
333,Bill,Radbone,bradbone98@sciencedaily.com,Male,155.33.159.84
334,Halley,Trustie,htrustie99@histats.com,Female,255.38.175.220
335,Gerri,Pates,gpates9a@goo.ne.jp,Male,151.80.231.110
336,Giuseppe,Overland,goverland9b@spotify.com,Male,104.184.185.219
337,Wernher,Antosik,wantosik9c@arstechnica.com,Male,206.63.168.21
338,Cedric,Tatlock,ctatlock9d@webeden.co.uk,Male,130.107.127.144
339,Luce,Mingay,lmingay9e@de.vu,Male,182.186.244.254
340,Redd,Farnon,rfarnon9f@techcrunch.com,Male,184.221.204.135
341,Sheilah,Knightly,sknightly9g@phpbb.com,Female,241.7.232.88
342,Jerrome,McGeachie,jmcgeachie9h@facebook.com,Male,43.162.19.51
343,Ted,McCarry,tmccarry9i@forbes.com,Male,124.66.17.36
344,Prentice,Connock,pconnock9j@yahoo.co.jp,Male,205.187.171.166
345,Marney,Storrs,mstorrs9k@thetimes.co.uk,Female,101.241.80.176
346,Guinna,Tortoishell,gtortoishell9l@businesswire.com,Female,204.0.18.240
347,Ranee,Beadnell,rbeadnell9m@rediff.com,Female,107.187.83.64
348,Wylma,Hawkings,whawkings9n@twitpic.com,Female,187.24.136.132
349,Lowell,Engelbrecht,lengelbrecht9o@furl.net,Male,37.184.111.244
350,Maye,Gobbett,mgobbett9p@icq.com,Female,253.13.46.247
351,Edyth,Dungay,edungay9q@java.com,Female,214.123.47.197
352,Karina,Thomas,kthomas9r@altervista.org,Female,100.65.71.231
353,Tess,Larver,tlarver9s@prnewswire.com,Female,64.152.102.202
354,Mord,Libbie,mlibbie9t@squarespace.com,Male,198.187.66.101
355,Luz,Chuck,lchuck9u@wikia.com,Female,39.85.13.241
356,Carolee,Jemison,cjemison9v@patch.com,Female,190.2.158.226
357,Ogden,Buckel,obuckel9w@dailymail.co.uk,Male,127.57.200.144
358,Koralle,Chidwick,kchidwick9x@google.ca,Female,243.45.205.36
359,Valentine,Whitford,vwhitford9y@smh.com.au,Female,151.44.37.193
360,Andrew,Gooddie,agooddie9z@smh.com.au,Male,66.73.188.217
361,Caz,Petrozzi,cpetrozzia0@unblog.fr,Male,117.6.211.126
362,Cecile,Deane,cdeanea1@fc2.com,Female,221.242.227.247
363,Clarine,Rumin,crumina2@berkeley.edu,Female,129.40.177.164
364,Merilee,Kubat,mkubata3@squidoo.com,Female,114.164.242.178
365,Scottie,Danilin,sdanilina4@scribd.com,Male,180.94.4.83
366,Lucinda,Blanque,lblanquea5@imgur.com,Female,61.111.185.223
367,Ashley,Kirk,akirka6@phpbb.com,Female,0.59.98.27
368,Magnum,Paiton,mpaitona7@google.es,Male,250.22.57.133
369,Lela,Barth,lbartha8@jigsy.com,Female,148.151.130.219
370,Dillon,Enderby,denderbya9@cbsnews.com,Male,107.8.19.174
371,Therine,Bowyer,tbowyeraa@blogger.com,Female,40.186.18.193
372,Nicolle,O'Donnelly,nodonnellyab@aol.com,Female,117.236.196.172
373,Shelagh,Huddleston,shuddlestonac@instagram.com,Female,4.235.133.135
374,Cherianne,Rosi,crosiad@tripadvisor.com,Female,49.207.157.141
375,Kary,Mauchline,kmauchlineae@acquirethisname.com,Female,28.71.83.180
376,Addy,Caughey,acaugheyaf@altervista.org,Male,146.200.78.145
377,Jackson,Gain,jgainag@github.io,Male,186.18.248.104
378,Ash,Kempshall,akempshallah@sphinn.com,Male,70.7.72.105
379,Elfreda,Edensor,eedensorai@admin.ch,Female,200.226.116.60
380,Humfried,Munkley,hmunkleyaj@yolasite.com,Male,244.145.149.159
381,Hadleigh,Hatwell,hhatwellak@census.gov,Male,219.194.70.121
382,Gerladina,Lashley,glashleyal@istockphoto.com,Female,214.18.248.200
383,Trudey,Teideman,tteidemanam@mtv.com,Female,162.150.227.222
384,Cart,Ibbitson,cibbitsonan@icio.us,Male,200.159.225.118
385,Kaye,Lysons,klysonsao@comsenz.com,Female,191.72.246.121
386,Allin,Korneichuk,akorneichukap@deliciousdays.com,Male,114.42.55.208
387,Cornall,Lismore,clismoreaq@nih.gov,Male,111.229.118.168
388,Anny,Privett,aprivettar@elpais.com,Female,25.34.130.98
389,Hakim,Thewys,hthewysas@kickstarter.com,Male,162.208.108.120
390,Leroy,Reast,lreastat@amazon.co.jp,Male,13.185.32.246
391,Blake,Kilfedder,bkilfedderau@smh.com.au,Female,98.158.255.158
392,Lou,Binestead,lbinesteadav@ft.com,Female,216.240.35.220
393,Laurence,Hulle,lhulleaw@spiegel.de,Male,89.59.76.33
394,Queenie,Dalyell,qdalyellax@google.fr,Female,194.40.108.122
395,Steven,Beckenham,sbeckenhamay@tinyurl.com,Male,142.209.177.9
396,Hadrian,Kiera,hkieraaz@kickstarter.com,Male,122.59.46.165
397,Johnathon,Wyldish,jwyldishb0@php.net,Male,139.65.159.109
398,Warde,Kyteley,wkyteleyb1@photobucket.com,Male,31.210.201.15
399,Irwin,Mogie,imogieb2@homestead.com,Male,51.35.120.55
400,Betteanne,Hardes,bhardesb3@tmall.com,Female,245.209.201.6
401,Marnie,Braisted,mbraistedb4@mail.ru,Female,60.17.67.54
402,Yevette,Haitlie,yhaitlieb5@technorati.com,Female,242.105.65.6
403,Naomi,Dullingham,ndullinghamb6@quantcast.com,Female,216.38.184.62
404,Griffin,Francom,gfrancomb7@tinyurl.com,Male,17.26.89.148
405,Lorri,Sansbury,lsansburyb8@hubpages.com,Female,149.185.56.240
406,Boot,Nobes,bnobesb9@usnews.com,Male,162.2.148.216
407,Diahann,Epilet,depiletba@google.it,Female,34.204.86.216
408,Torie,Toor,ttoorbb@hud.gov,Female,166.231.5.220
409,Westbrook,Tilsley,wtilsleybc@kickstarter.com,Male,71.210.179.124
410,Janina,Heinke,jheinkebd@cmu.edu,Female,189.139.169.46
411,Cyb,Wooffitt,cwooffittbe@behance.net,Female,189.238.153.147
412,Constance,Thiolier,cthiolierbf@jimdo.com,Female,201.241.161.136
413,Shandeigh,Wheildon,swheildonbg@who.int,Female,123.224.211.164
414,Cathe,Ortsmann,cortsmannbh@t-online.de,Female,96.15.162.26
415,Jeno,Liley,jlileybi@slate.com,Male,124.190.125.119
416,Lionel,Whawell,lwhawellbj@columbia.edu,Male,152.32.4.26
417,Pandora,Mosen,pmosenbk@dyndns.org,Female,69.137.5.48
418,Cacilie,Edgecumbe,cedgecumbebl@nationalgeographic.com,Female,57.210.201.33
419,Frederic,Goracci,fgoraccibm@admin.ch,Male,6.89.245.24
420,Redford,Greeve,rgreevebn@msu.edu,Male,185.184.231.194
421,Mile,Grovier,mgrovierbo@technorati.com,Male,143.120.167.250
422,Franny,Rubury,fruburybp@yelp.com,Male,211.186.210.62
423,Alleyn,Wooderson,awoodersonbq@sfgate.com,Male,64.19.167.149
424,Arch,Brimham,abrimhambr@google.ca,Male,161.185.202.89
425,Cristy,Bert,cbertbs@liveinternet.ru,Female,124.47.181.158
426,Markos,Izkovicz,mizkoviczbt@fastcompany.com,Male,70.25.151.8
427,Giacopo,Younghusband,gyounghusbandbu@newsvine.com,Male,230.0.26.251
428,Lucina,Annear,lannearbv@blog.com,Female,82.122.253.44
429,Jorrie,Cicchetto,jcicchettobw@cocolog-nifty.com,Female,18.192.27.74
430,Tamarah,Rable,trablebx@cbslocal.com,Female,205.247.200.190
431,Ardyce,Meates,ameatesby@nhs.uk,Female,66.151.84.42
432,Jamil,Blader,jbladerbz@businessinsider.com,Male,251.27.243.216
433,Margy,Andrus,mandrusc0@telegraph.co.uk,Female,144.212.210.200
434,Alphonso,Hawkyens,ahawkyensc1@pagesperso-orange.fr,Male,83.236.223.78
435,Niven,Mandre,nmandrec2@opera.com,Male,75.48.78.198
436,Simeon,Clemoes,sclemoesc3@theatlantic.com,Male,237.224.31.111
437,Martin,Pithie,mpithiec4@shareasale.com,Male,31.222.121.191
438,Aleda,Fleeming,afleemingc5@goo.gl,Female,241.197.6.155
439,Kristofor,Kramer,kkramerc6@cbslocal.com,Male,248.144.148.150
440,Bronny,Edginton,bedgintonc7@cdc.gov,Male,234.144.123.203
441,Judas,Richemont,jrichemontc8@sogou.com,Male,229.87.249.163
442,Ralf,Redford,rredfordc9@furl.net,Male,153.5.91.36
443,Cori,Haker,chakerca@4shared.com,Male,38.152.206.199
444,Coriss,Guihen,cguihencb@newsvine.com,Female,49.162.198.7
445,Trish,Putson,tputsoncc@goo.ne.jp,Female,188.149.172.218
446,Ingrim,Rossi,irossicd@mac.com,Male,123.130.175.24
447,Dorian,Kemshell,dkemshellce@w3.org,Female,160.72.78.235
448,Corbie,Vankov,cvankovcf@kickstarter.com,Male,245.65.23.10
449,Oliver,Goodsell,ogoodsellcg@seattletimes.com,Male,122.122.17.95
450,Heda,Heelis,hheelisch@intel.com,Female,248.30.166.215
451,Harri,Shepherd,hshepherdci@usa.gov,Female,117.187.222.92
452,Wilbert,Galliver,wgallivercj@craigslist.org,Male,142.50.69.96
453,Bartel,Gridon,bgridonck@ihg.com,Male,26.86.128.164
454,Britte,D'Avaux,bdavauxcl@clickbank.net,Female,55.253.9.114
455,Asher,Tallboy,atallboycm@answers.com,Male,33.99.137.96
456,Carlie,Scoines,cscoinescn@apache.org,Female,113.86.172.211
457,Jere,Chorley,jchorleyco@i2i.jp,Male,247.253.125.199
458,Sheffie,Paunsford,spaunsfordcp@psu.edu,Male,146.76.155.193
459,Christabel,Vango,cvangocq@sciencedaily.com,Female,180.157.126.118
460,Mattie,Deeprose,mdeeprosecr@about.com,Male,178.157.253.93
461,Catherina,Fegan,cfegancs@simplemachines.org,Female,8.9.208.242
462,Dorie,Worboy,dworboyct@weibo.com,Male,117.116.175.48
463,Moselle,Chellam,mchellamcu@de.vu,Female,160.166.213.45
464,Joete,Smout,jsmoutcv@globo.com,Female,225.54.67.204
465,Caye,Winchcomb,cwinchcombcw@ted.com,Female,205.251.103.33
466,Leslie,Ramsbottom,lramsbottomcx@newyorker.com,Male,97.250.123.9
467,Edithe,Tidbold,etidboldcy@freewebs.com,Female,201.114.108.137
468,Greg,Cardoso,gcardosocz@wikispaces.com,Male,125.188.240.188
469,Gabi,Hubatsch,ghubatschd0@example.com,Male,28.152.175.32
470,Oliver,Mellor,omellord1@prweb.com,Male,149.254.221.123
471,Vincents,De Beauchamp,vdebeauchampd2@senate.gov,Male,51.7.33.23
472,Micaela,McMackin,mmcmackind3@elpais.com,Female,178.1.136.182
473,Rowe,Fiennes,rfiennesd4@vkontakte.ru,Female,24.26.184.212
474,Yuri,Robbe,yrobbed5@mapy.cz,Male,193.19.75.204
475,Tome,Backes,tbackesd6@nature.com,Male,39.130.45.213
476,Dallon,Shivlin,dshivlind7@washingtonpost.com,Male,247.43.22.66
477,Case,Haylor,chaylord8@shutterfly.com,Male,110.25.17.213
478,Rad,Skune,rskuned9@sphinn.com,Male,135.72.219.61
479,Lotta,Ellesworth,lellesworthda@goodreads.com,Female,166.76.248.75
480,Janessa,Tummond,jtummonddb@nymag.com,Female,175.65.49.196
481,Owen,Malling,omallingdc@usda.gov,Male,215.107.81.168
482,Ansley,Merredy,amerredydd@dyndns.org,Female,149.61.186.167
483,Skylar,Rioch,sriochde@domainmarket.com,Male,84.119.85.246
484,Allegra,Humby,ahumbydf@wikispaces.com,Female,83.221.110.200
485,Cobby,Raggitt,craggittdg@thetimes.co.uk,Male,155.68.117.2
486,Ermanno,Brenstuhl,ebrenstuhldh@seattletimes.com,Male,187.234.230.244
487,Zebedee,Tanzer,ztanzerdi@fc2.com,Male,154.133.54.177
488,Reginald,McCrillis,rmccrillisdj@chicagotribune.com,Male,103.240.143.153
489,Mart,Doel,mdoeldk@so-net.ne.jp,Male,67.17.121.182
490,Kendal,Blind,kblinddl@weibo.com,Male,226.135.132.253
491,Konstance,Skough,kskoughdm@samsung.com,Female,238.17.190.154
492,Adoree,Free,afreedn@oaic.gov.au,Female,220.240.48.190
493,Flemming,Ausiello,fausiellodo@ycombinator.com,Male,172.2.157.140
494,Way,Baiden,wbaidendp@imdb.com,Male,77.158.60.216
495,Domini,Congreave,dcongreavedq@epa.gov,Female,94.216.235.107
496,Beniamino,Crigin,bcrigindr@sciencedirect.com,Male,112.41.62.172
497,Adrien,Drydale,adrydaleds@sbwire.com,Male,183.147.96.128
498,Jean,Cosyns,jcosynsdt@businessinsider.com,Female,8.96.218.176
499,Nikolaos,Bowring,nbowringdu@homestead.com,Male,205.66.186.74
500,Mayor,O'Crotty,mocrottydv@qq.com,Male,25.35.226.211
501,Norene,Gibbetts,ngibbettsdw@php.net,Female,208.167.155.133
502,Dallon,Paullin,dpaullindx@youku.com,Male,41.142.86.157
503,Myrvyn,Elt,meltdy@nps.gov,Male,166.119.112.52
504,Hertha,Stainson,hstainsondz@imdb.com,Female,208.43.80.120
505,Samson,Hinstock,shinstocke0@google.co.uk,Male,146.221.231.89
506,Jenni,Fuzzens,jfuzzense1@xinhuanet.com,Female,132.249.148.233
507,Ericha,Daniele,edanielee2@telegraph.co.uk,Female,158.3.48.252
508,Kevin,Habbershon,khabbershone3@skype.com,Male,89.196.185.127
509,Chrisy,Kennelly,ckennellye4@youku.com,Male,207.235.112.50
510,Jeannie,Platfoot,jplatfoote5@google.es,Female,231.149.64.101
511,Mallory,Goldring,mgoldringe6@indiatimes.com,Female,123.146.143.72
512,Roley,Shillabear,rshillabeare7@cyberchimps.com,Male,50.137.199.151
513,Davina,McCraine,dmccrainee8@soup.io,Female,210.173.107.190
514,Creighton,Duffield,cduffielde9@sun.com,Male,28.14.82.127
515,Amaleta,Loosley,aloosleyea@latimes.com,Female,42.111.233.165
516,Ariella,Allmen,aallmeneb@webmd.com,Female,84.25.177.166
517,Florian,Brome,fbromeec@umich.edu,Male,40.63.123.224
518,Delinda,Moohan,dmoohaned@ehow.com,Female,145.74.125.87
519,Jarrett,Fonteyne,jfonteyneee@epa.gov,Male,57.190.81.26
520,Iosep,Le Brum,ilebrumef@weather.com,Male,254.63.158.20
521,Hercules,Sambeck,hsambeckeg@gnu.org,Male,144.152.137.216
522,Irena,Normand,inormandeh@clickbank.net,Female,143.147.20.113
523,Marcile,Aglione,maglioneei@weibo.com,Female,103.239.226.72
524,Diahann,Clowser,dclowserej@over-blog.com,Female,2.14.13.215
525,Jaime,Lambertazzi,jlambertazziek@devhub.com,Female,198.97.99.81
526,Cynthia,Sellack,csellackel@pen.io,Female,85.76.92.53
527,Lenka,Ianne,lianneem@globo.com,Female,122.21.192.27
528,Izzy,Powter,ipowteren@nifty.com,Male,100.65.53.27
529,Monte,Di Ruggiero,mdiruggieroeo@xinhuanet.com,Male,75.162.24.103
530,Fee,Littrik,flittrikep@illinois.edu,Male,43.240.28.215
531,Marjy,Reignard,mreignardeq@biglobe.ne.jp,Female,166.208.135.161
532,Darb,Novak,dnovaker@indiegogo.com,Male,3.117.24.97
533,Abner,Robilart,arobilartes@flavors.me,Male,16.18.207.87
534,Sheffie,Capstake,scapstakeet@timesonline.co.uk,Male,208.79.134.138
535,Ula,Sanger,usangereu@gmpg.org,Female,193.93.222.64
536,Frederick,Kremer,fkremerev@oracle.com,Male,152.107.197.82
537,Jane,McQuirk,jmcquirkew@digg.com,Female,237.183.15.175
538,Mariquilla,Eadie,meadieex@salon.com,Female,224.213.140.241
539,Suzanne,Stoyell,sstoyelley@prlog.org,Female,78.101.254.45
540,Neysa,Falls,nfallsez@senate.gov,Female,136.17.249.35
541,Jule,Caudelier,jcaudelierf0@ucla.edu,Male,203.233.219.243
542,Darnell,Pidgeon,dpidgeonf1@ask.com,Male,247.197.81.254
543,Desi,Slessar,dslessarf2@house.gov,Male,76.149.211.205
544,Rene,Dungey,rdungeyf3@adobe.com,Female,54.191.234.252
545,Beau,Arrundale,barrundalef4@sbwire.com,Male,183.84.6.165
546,Ophelie,de Vaen,odevaenf5@gmpg.org,Female,207.30.224.7
547,Franciskus,Scotts,fscottsf6@jugem.jp,Male,101.138.51.86
548,Rancell,Santore,rsantoref7@discuz.net,Male,85.84.98.237
549,Dex,Clayson,dclaysonf8@abc.net.au,Male,200.98.189.186
550,Brennen,Guillon,bguillonf9@google.com.au,Male,110.27.68.153
551,Eudora,Purvey,epurveyfa@hp.com,Female,24.209.8.173
552,Almire,Iacovaccio,aiacovacciofb@google.ca,Female,18.8.28.127
553,Haskel,Maurice,hmauricefc@ihg.com,Male,70.49.70.149
554,Allistir,Skirling,askirlingfd@google.de,Male,92.173.161.181
555,Clint,Flintoffe,cflintoffefe@salon.com,Male,6.137.99.49
556,Solly,Burnside,sburnsideff@archive.org,Male,175.179.88.242
557,Sena,Sweeney,ssweeneyfg@gmpg.org,Female,249.92.24.17
558,Theodor,Stych,tstychfh@google.it,Male,128.78.64.150
559,Marvin,Lancastle,mlancastlefi@tripod.com,Male,179.183.148.65
560,Demott,Thornber,dthornberfj@bravesites.com,Male,130.18.45.115
561,Roma,Sherwen,rsherwenfk@prnewswire.com,Male,83.57.13.24
562,Morgen,Denny,mdennyfl@people.com.cn,Female,234.82.23.203
563,Jerad,Corness,jcornessfm@sbwire.com,Male,112.236.239.68
564,Gabie,O'Collopy,gocollopyfn@example.com,Male,120.160.188.64
565,Tory,Geerdts,tgeerdtsfo@dion.ne.jp,Female,176.86.76.168
566,Vaclav,Corsham,vcorshamfp@mayoclinic.com,Male,227.55.103.48
567,Patrice,Rickaert,prickaertfq@cnet.com,Female,244.64.223.72
568,Sebastiano,Nerne,snernefr@tripod.com,Male,100.45.143.127
569,Gerik,Trippick,gtrippickfs@amazon.co.uk,Male,205.239.32.108
570,Maison,Gooden,mgoodenft@nydailynews.com,Male,190.159.160.148
571,Aurore,Wiffill,awiffillfu@ft.com,Female,205.211.50.151
572,Bondie,Wise,bwisefv@businessinsider.com,Male,177.29.17.38
573,Garik,Adcocks,gadcocksfw@yahoo.co.jp,Male,65.1.22.30
574,Cristi,Morillas,cmorillasfx@state.tx.us,Female,188.241.50.244
575,Nonnah,Witherdon,nwitherdonfy@4shared.com,Female,159.197.120.230
576,Milton,Reay,mreayfz@mysql.com,Male,16.248.230.79
577,Colas,Dimitresco,cdimitrescog0@yahoo.com,Male,138.70.244.160
578,Laraine,Jakubovicz,ljakuboviczg1@seesaa.net,Female,24.177.128.237
579,Antonetta,Checklin,acheckling2@odnoklassniki.ru,Female,50.116.154.241
580,Celinka,Maciaszczyk,cmaciaszczykg3@51.la,Female,154.29.138.125
581,Vernor,Geffcock,vgeffcockg4@census.gov,Male,165.209.174.137
582,Stacee,Luty,slutyg5@washington.edu,Male,93.231.3.243
583,Joanie,Whitsun,jwhitsung6@jiathis.com,Female,178.85.237.173
584,Aguistin,McGougan,amcgougang7@usa.gov,Male,40.73.97.4
585,Wade,Corhard,wcorhardg8@reddit.com,Male,43.169.154.43
586,Maud,O' Driscoll,modriscollg9@mediafire.com,Female,115.152.14.113
587,Fran,Torra,ftorraga@vinaora.com,Male,171.51.151.173
588,Tonie,Seydlitz,tseydlitzgb@cdc.gov,Female,99.64.32.135
589,Earlie,Fereday,eferedaygc@theguardian.com,Male,173.227.228.77
590,Woodman,Knight,wknightgd@opensource.org,Male,232.144.139.218
591,Lauretta,Buckell,lbuckellge@flavors.me,Female,219.255.158.94
592,Sherilyn,Birckmann,sbirckmanngf@foxnews.com,Female,33.57.180.112
593,Valma,Sharpus,vsharpusgg@sohu.com,Female,167.107.69.76
594,Josias,Grier,jgriergh@paginegialle.it,Male,139.89.179.108
595,Bertrand,Formby,bformbygi@google.ca,Male,12.20.197.48
596,Carmine,Schoales,cschoalesgj@adobe.com,Female,188.12.221.85
597,Fidela,Burth,fburthgk@loc.gov,Female,175.253.98.211
598,Hugues,Byng,hbynggl@ibm.com,Male,162.221.203.156
599,Ford,Morratt,fmorrattgm@huffingtonpost.com,Male,55.245.125.181
600,Dusty,Slader,dsladergn@omniture.com,Female,40.16.251.10
601,Ives,Lecointe,ilecointego@bandcamp.com,Male,118.75.225.183
602,Maude,Seide,mseidegp@goo.ne.jp,Female,72.19.218.91
603,Shaylynn,Sunnex,ssunnexgq@dedecms.com,Female,19.148.33.57
604,Bruce,Esposi,besposigr@constantcontact.com,Male,242.169.90.240
605,Kipper,Edmans,kedmansgs@walmart.com,Male,84.108.240.255
606,Raine,Ciccarelli,rciccarelligt@adobe.com,Female,200.55.153.249
607,Mathian,Anfrey,manfreygu@cbslocal.com,Male,188.36.126.43
608,Dara,Ianizzi,dianizzigv@addtoany.com,Female,17.201.199.50
609,Alisha,Benthall,abenthallgw@vk.com,Female,90.27.169.179
610,Stanislaw,Zanolli,szanolligx@mediafire.com,Male,44.53.37.147
611,Adan,Durek,adurekgy@de.vu,Male,41.149.238.191
612,Janis,Kitchingman,jkitchingmangz@etsy.com,Female,160.88.176.16
613,Felecia,Argente,fargenteh0@nyu.edu,Female,110.187.178.185
614,Fanny,Westgate,fwestgateh1@barnesandnoble.com,Female,59.228.76.236
615,Kasper,Streatley,kstreatleyh2@dyndns.org,Male,126.54.236.33
616,Vite,McCrone,vmccroneh3@cloudflare.com,Male,253.110.163.155
617,Kristian,Baythrop,kbaythroph4@reference.com,Male,228.209.44.0
618,Vevay,Dispencer,vdispencerh5@china.com.cn,Female,129.123.159.172
619,Malvin,Elnough,melnoughh6@youtube.com,Male,240.10.252.160
620,Pris,Radbourn,pradbournh7@fda.gov,Female,94.104.64.95
621,Olivia,Woodier,owoodierh8@seesaa.net,Female,112.105.212.71
622,Leila,Cordall,lcordallh9@phpbb.com,Female,244.118.200.34
623,Adolph,Dring,adringha@hubpages.com,Male,162.69.73.7
624,Chrisy,Nollet,cnollethb@drupal.org,Male,227.117.107.130
625,Bryan,Sertin,bsertinhc@bluehost.com,Male,194.216.189.197
626,Mayor,Titley,mtitleyhd@examiner.com,Male,246.242.219.205
627,Howie,Lacroix,hlacroixhe@globo.com,Male,247.93.57.35
628,Cahra,Trayhorn,ctrayhornhf@house.gov,Female,243.141.176.193
629,Bo,Tripney,btripneyhg@ask.com,Male,171.196.41.151
630,Emmy,Tift,etifthh@tuttocitta.it,Male,116.199.60.130
631,Gianni,Titmus,gtitmushi@spotify.com,Male,66.4.112.39
632,Marris,Latter,mlatterhj@sciencedaily.com,Female,163.68.254.172
633,Samson,Buzza,sbuzzahk@cmu.edu,Male,67.152.169.42
634,Benoit,Darter,bdarterhl@mediafire.com,Male,247.150.56.17
635,Brynn,Schneidar,bschneidarhm@yolasite.com,Female,145.164.106.144
636,Forest,Culham,fculhamhn@huffingtonpost.com,Male,180.1.175.28
637,Thorin,Serraillier,tserraillierho@indiatimes.com,Male,251.183.216.68
638,Trixi,Goding,tgodinghp@ustream.tv,Female,174.131.225.48
639,Fayre,Farrin,ffarrinhq@lycos.com,Female,132.106.110.90
640,Laney,Nanetti,lnanettihr@hp.com,Male,192.238.91.155
641,Sibylla,Bysouth,sbysouthhs@geocities.jp,Female,58.71.216.107
642,Dianna,Struan,dstruanht@columbia.edu,Female,151.132.180.152
643,Gwenni,Bridell,gbridellhu@fda.gov,Female,81.59.105.59
644,Sallee,Lauga,slaugahv@google.fr,Female,100.162.5.75
645,Tiler,Rowden,trowdenhw@dmoz.org,Male,41.47.219.182
646,Henri,Bunner,hbunnerhx@prlog.org,Male,129.122.34.26
647,Harris,Ricoald,hricoaldhy@samsung.com,Male,254.106.140.194
648,Ailis,McGruar,amcgruarhz@ocn.ne.jp,Female,90.34.124.133
649,Tiphanie,Paddie,tpaddiei0@google.cn,Female,167.241.76.193
650,Maryrose,Royan,mroyani1@goo.ne.jp,Female,231.31.54.59
651,Darren,Atrill,datrilli2@lycos.com,Male,235.110.45.98
652,Vaughan,Ottawell,vottawelli3@fda.gov,Male,221.158.1.54
653,Tim,Pratte,tprattei4@senate.gov,Female,137.196.15.198
654,Cristal,Tapson,ctapsoni5@ning.com,Female,178.77.22.202
655,Lexie,Butner,lbutneri6@foxnews.com,Female,78.51.102.123
656,Isabella,Crannell,icrannelli7@flickr.com,Female,167.42.92.16
657,Hiram,Bandy,hbandyi8@springer.com,Male,13.52.189.36
658,Gilda,Sebastian,gsebastiani9@google.it,Female,201.142.219.0
659,Reeva,Markham,rmarkhamia@studiopress.com,Female,95.123.104.176
660,Rhodia,Torr,rtorrib@nsw.gov.au,Female,254.233.219.150
661,Tedman,Massot,tmassotic@miibeian.gov.cn,Male,237.209.26.117
662,Muriel,Ferre,mferreid@icio.us,Female,52.186.136.215
663,Kirsteni,Zanicchi,kzanicchiie@smh.com.au,Female,17.138.174.26
664,Karrie,Guarnier,kguarnierif@indiegogo.com,Female,136.162.30.149
665,Corbet,Drakeford,cdrakefordig@goo.gl,Male,146.79.164.104
666,Valenka,Jakobssen,vjakobssenih@desdev.cn,Female,88.185.136.106
667,Wynnie,Beasleigh,wbeasleighii@fastcompany.com,Female,11.171.158.69
668,Bird,Crystal,bcrystalij@geocities.jp,Female,187.44.58.83
669,Esma,Grinishin,egrinishinik@feedburner.com,Female,187.104.52.73
670,Waldemar,Roman,wromanil@csmonitor.com,Male,12.190.98.215
671,Valery,Petchey,vpetcheyim@nymag.com,Female,242.14.240.227
672,Alanah,Dewire,adewirein@tinypic.com,Female,193.62.37.211
673,Kerrie,Trevorrow,ktrevorrowio@digg.com,Female,223.171.29.236
674,Natty,Gewer,ngewerip@ning.com,Male,43.130.207.34
675,Jamima,De Vuyst,jdevuystiq@creativecommons.org,Female,45.239.142.189
676,Jilly,Uglow,juglowir@phpbb.com,Female,44.137.244.186
677,Vikky,Wolford,vwolfordis@google.ru,Female,228.37.79.161
678,Claybourne,Dalrymple,cdalrympleit@furl.net,Male,9.19.10.203
679,Kienan,Jeppe,kjeppeiu@noaa.gov,Male,64.194.47.17
680,Henrieta,Leebetter,hleebetteriv@lulu.com,Female,59.95.99.85
681,Felicio,Melville,fmelvilleiw@home.pl,Male,193.74.188.179
682,Sheilakathryn,Chastan,schastanix@nymag.com,Female,102.237.234.196
683,Harlene,Capner,hcapneriy@prnewswire.com,Female,32.29.158.246
684,Alexine,Kunes,akunesiz@wsj.com,Female,237.133.172.106
685,Burg,Doog,bdoogj0@icio.us,Male,183.85.210.78
686,Kerby,Grigs,kgrigsj1@hubpages.com,Male,228.68.172.232
687,Padriac,Hamshaw,phamshawj2@jimdo.com,Male,203.231.251.253
688,Mateo,Rosander,mrosanderj3@posterous.com,Male,88.182.188.105
689,Ignazio,Orleton,iorletonj4@yellowpages.com,Male,123.192.23.4
690,Barn,Atley,batleyj5@tuttocitta.it,Male,193.123.111.222
691,Ewell,Bartoloma,ebartolomaj6@nydailynews.com,Male,79.97.153.5
692,Caddric,Levane,clevanej7@biglobe.ne.jp,Male,40.45.204.240
693,Clea,McGrudder,cmcgrudderj8@printfriendly.com,Female,19.184.177.215
694,Berty,Benez,bbenezj9@thetimes.co.uk,Male,71.182.140.49
695,Flynn,Ranscomb,franscombja@epa.gov,Male,241.122.86.65
696,Abagael,Slayny,aslaynyjb@nih.gov,Female,239.80.131.107
697,Rosalyn,Bilsford,rbilsfordjc@wsj.com,Female,30.74.241.249
698,Opalina,Kitto,okittojd@berkeley.edu,Female,107.116.65.47
699,Willabella,Soanes,wsoanesje@wikimedia.org,Female,129.239.195.132
700,Daveta,Ducarel,dducareljf@auda.org.au,Female,0.218.46.158
701,Ludovico,Derkes,lderkesjg@discovery.com,Male,47.253.25.10
702,Madelene,Simoes,msimoesjh@oracle.com,Female,13.212.121.221
703,Beulah,Sanday,bsandayji@moonfruit.com,Female,69.79.222.198
704,Dawn,Vedikhov,dvedikhovjj@hp.com,Female,128.51.133.10
705,Christoffer,Mouget,cmougetjk@biglobe.ne.jp,Male,56.218.122.125
706,Persis,McCullogh,pmcculloghjl@auda.org.au,Female,8.159.235.29
707,Tedmund,Logg,tloggjm@taobao.com,Male,47.18.40.20
708,Nessa,Hedley,nhedleyjn@examiner.com,Female,152.38.137.161
709,Prissie,Walenta,pwalentajo@clickbank.net,Female,186.88.186.191
710,Sol,Theml,sthemljp@toplist.cz,Male,187.103.120.69
711,Tiff,Semiras,tsemirasjq@nih.gov,Female,78.49.72.29
712,Hakim,Manston,hmanstonjr@weibo.com,Male,40.78.86.15
713,Joellen,Bassindale,jbassindalejs@imgur.com,Female,208.40.148.130
714,Tibold,Cahalan,tcahalanjt@discuz.net,Male,23.231.150.211
715,Dugald,Stiell,dstiellju@rakuten.co.jp,Male,60.30.101.134
716,Becky,Ayre,bayrejv@godaddy.com,Female,6.31.13.101
717,Perry,Pieters,ppietersjw@fc2.com,Female,191.74.205.116
718,Den,Grinikhinov,dgrinikhinovjx@miibeian.gov.cn,Male,206.94.203.219
719,Godwin,Cramphorn,gcramphornjy@census.gov,Male,89.113.141.12
720,Artair,MacTeague,amacteaguejz@archive.org,Male,157.103.214.111
721,Caleb,Lynett,clynettk0@home.pl,Male,193.125.138.62
722,Michal,Prettejohns,mprettejohnsk1@spiegel.de,Male,187.33.229.15
723,Rosalynd,MacKim,rmackimk2@t-online.de,Female,125.47.185.23
724,Caz,Vedenisov,cvedenisovk3@google.cn,Male,26.62.149.60
725,Elsy,Heam,eheamk4@last.fm,Female,192.181.68.53
726,Dennie,Hellwing,dhellwingk5@naver.com,Male,83.161.219.170
727,Wade,McMorran,wmcmorrank6@uol.com.br,Male,151.20.161.240
728,Daron,Mattack,dmattackk7@edublogs.org,Female,77.198.93.14
729,Heindrick,Beardwood,hbeardwoodk8@vk.com,Male,21.135.217.222
730,Vally,Daggett,vdaggettk9@vinaora.com,Female,222.172.38.46
731,Cirstoforo,Brunsdon,cbrunsdonka@youtu.be,Male,122.207.156.255
732,Erminia,Calderon,ecalderonkb@simplemachines.org,Female,69.235.249.79
733,Javier,Locock,jlocockkc@princeton.edu,Male,13.142.165.70
734,Blaine,Scrivinor,bscrivinorkd@google.de,Male,226.151.146.8
735,Flor,Coales,fcoaleske@wunderground.com,Female,110.172.115.156
736,Hali,Moran,hmorankf@narod.ru,Female,231.31.98.181
737,Flem,Irvine,firvinekg@ucoz.ru,Male,190.53.94.238
738,Klemens,Goreisr,kgoreisrkh@yolasite.com,Male,153.109.150.118
739,Ivan,Pree,ipreeki@dot.gov,Male,124.207.248.15
740,Henrietta,Studman,hstudmankj@sakura.ne.jp,Female,190.151.5.93
741,Carolan,Mereweather,cmereweatherkk@photobucket.com,Female,158.87.179.205
742,Valli,Markussen,vmarkussenkl@google.nl,Female,171.39.39.100
743,Corny,Randell,crandellkm@netlog.com,Female,175.153.230.187
744,Davey,Klewer,dklewerkn@rambler.ru,Male,45.151.186.32
745,Merridie,Nazair,mnazairko@deviantart.com,Female,121.245.228.208
746,Jerrylee,Worley,jworleykp@hhs.gov,Female,102.149.215.209
747,Adelbert,Coleborn,acolebornkq@tuttocitta.it,Male,186.108.9.170
748,Mufi,Kyte,mkytekr@is.gd,Female,200.55.119.255
749,Donall,Itzkowicz,ditzkowiczks@dell.com,Male,201.210.7.236
750,Morton,Gregoratti,mgregorattikt@go.com,Male,177.234.49.147
751,Yancy,Bonin,yboninku@bing.com,Male,76.148.107.25
752,Monika,Cockerell,mcockerellkv@blogspot.com,Female,3.252.250.75
753,El,Chaucer,echaucerkw@businessweek.com,Male,32.101.130.21
754,Padget,Rainey,praineykx@cmu.edu,Male,159.94.62.103
755,Pearce,Mylchreest,pmylchreestky@usa.gov,Male,212.162.235.123
756,Consuelo,Derle,cderlekz@chron.com,Female,64.0.105.231
757,Edith,Benezeit,ebenezeitl0@istockphoto.com,Female,191.210.27.140
758,Guido,Normanton,gnormantonl1@umn.edu,Male,75.176.71.99
759,Falito,Gladbeck,fgladbeckl2@chronoengine.com,Male,207.79.141.72
760,Niels,Crohan,ncrohanl3@bloglines.com,Male,146.45.67.248
761,Leah,McRitchie,lmcritchiel4@vk.com,Female,15.205.11.144
762,Dory,Wicklen,dwicklenl5@digg.com,Female,180.17.229.25
763,Riordan,Osbiston,rosbistonl6@seattletimes.com,Male,50.145.213.194
764,Ciro,Averill,caverilll7@opera.com,Male,253.11.179.28
765,William,Mathy,wmathyl8@clickbank.net,Male,125.83.187.194
766,Efren,Skilton,eskiltonl9@cdbaby.com,Male,98.255.75.92
767,Sim,Helstrom,shelstromla@google.es,Male,176.143.50.223
768,Lorrie,Andor,landorlb@mozilla.org,Female,2.69.95.122
769,Winona,Frankling,wfranklinglc@reddit.com,Female,247.253.8.230
770,Issi,Clemmow,iclemmowld@flavors.me,Female,237.86.11.211
771,Anthony,A'field,aafieldle@tiny.cc,Male,190.159.255.244
772,Pierette,Petrovsky,ppetrovskylf@trellian.com,Female,35.194.82.217
773,Caye,Grey,cgreylg@reverbnation.com,Female,56.137.53.88
774,Cecilia,Goodoune,cgoodounelh@free.fr,Female,222.92.155.140
775,Eba,Gepheart,egepheartli@devhub.com,Female,109.88.174.114
776,Ervin,Spieck,espiecklj@dion.ne.jp,Male,4.13.45.49
777,Salome,Crowdy,scrowdylk@eepurl.com,Female,29.39.26.125
778,Amargo,Rosell,arosellll@vkontakte.ru,Female,46.66.135.125
779,Manfred,Bannister,mbannisterlm@ezinearticles.com,Male,240.206.25.247
780,Melonie,McInulty,mmcinultyln@cornell.edu,Female,32.80.32.49
781,Allistir,Paireman,apairemanlo@com.com,Male,119.247.253.148
782,Kristine,Antonikov,kantonikovlp@miibeian.gov.cn,Female,135.171.5.45
783,Adella,Hatchell,ahatchelllq@nih.gov,Female,61.170.233.162
784,Tamiko,Monument,tmonumentlr@merriam-webster.com,Female,30.83.62.248
785,Eugen,Statefield,estatefieldls@hao123.com,Male,119.211.9.103
786,D'arcy,Hynd,dhyndlt@senate.gov,Male,189.107.25.171
787,Geri,Poultney,gpoultneylu@blinklist.com,Male,48.139.205.40
788,Gerry,Targett,gtargettlv@nyu.edu,Female,104.180.66.161
789,Armand,Whitland,awhitlandlw@smugmug.com,Male,253.205.254.174
790,Matthus,Troctor,mtroctorlx@dedecms.com,Male,86.102.59.242
791,Lydon,Barens,lbarensly@youtube.com,Male,220.205.116.234
792,Constantino,McConway,cmcconwaylz@slideshare.net,Male,6.115.154.137
793,Broderick,Mulles,bmullesm0@t.co,Male,170.155.122.10
794,Adams,Lundberg,alundbergm1@blogs.com,Male,204.114.50.77
795,Elonore,Bagley,ebagleym2@google.cn,Female,201.209.177.36
796,Jarrod,Shervil,jshervilm3@example.com,Male,101.194.217.7
797,Cassaundra,Coolican,ccoolicanm4@alexa.com,Female,20.83.79.225
798,Obadiah,Abazi,oabazim5@devhub.com,Male,149.45.69.152
799,Humfried,Shergill,hshergillm6@topsy.com,Male,244.113.229.48
800,Almeta,Nelissen,anelissenm7@pagesperso-orange.fr,Female,197.229.208.181
801,Tomasina,Fell,tfellm8@guardian.co.uk,Female,88.100.50.15
802,Jory,Stonehewer,jstonehewerm9@bluehost.com,Male,62.190.35.204
803,Sylvester,Dunwoody,sdunwoodyma@furl.net,Male,65.76.21.190
804,Del,Shanley,dshanleymb@4shared.com,Male,132.135.126.151
805,Dimitry,Doddridge,ddoddridgemc@delicious.com,Male,175.140.142.137
806,Nananne,Bulstrode,nbulstrodemd@multiply.com,Female,245.44.58.0
807,Jarrett,Schapero,jschaperome@google.cn,Male,39.77.202.95
808,Colas,Dudden,cduddenmf@merriam-webster.com,Male,28.192.1.35
809,Constantia,Avrahamov,cavrahamovmg@mozilla.com,Female,61.204.110.169
810,Kelly,Vassall,kvassallmh@infoseek.co.jp,Male,204.104.217.149
811,Ollie,Burchett,oburchettmi@fastcompany.com,Female,45.162.15.82
812,Dulciana,Stollsteiner,dstollsteinermj@wisc.edu,Female,245.82.96.110
813,Scarlett,Cotterell,scotterellmk@google.pl,Female,44.230.103.102
814,Saidee,Rustedge,srustedgeml@plala.or.jp,Female,117.232.80.69
815,Harriott,Plover,hplovermm@npr.org,Female,83.97.125.145
816,Barbe,Oxlee,boxleemn@printfriendly.com,Female,4.2.36.79
817,Kellen,Barense,kbarensemo@soup.io,Male,76.239.156.215
818,Reta,Stelfax,rstelfaxmp@dailymail.co.uk,Female,112.12.42.39
819,Zorine,Farnfield,zfarnfieldmq@jiathis.com,Female,12.92.98.138
820,Maxwell,Toderini,mtoderinimr@omniture.com,Male,55.47.0.236
821,Vittoria,Reekie,vreekiems@jiathis.com,Female,157.115.17.3
822,Fernande,Valde,fvaldemt@gnu.org,Female,133.147.250.179
823,Selby,Rosone,srosonemu@usnews.com,Male,124.217.73.244
824,Celestine,Von Der Empten,cvonderemptenmv@goodreads.com,Female,118.6.188.131
825,Bailey,Cheston,bchestonmw@cbsnews.com,Male,218.46.138.225
826,Aguie,Gosalvez,agosalvezmx@dmoz.org,Male,134.21.216.204
827,Annamaria,Ballentime,aballentimemy@qq.com,Female,6.186.169.60
828,Dionne,Stearnes,dstearnesmz@earthlink.net,Female,140.115.64.159
829,Meredeth,Morde,mmorden0@myspace.com,Male,207.22.208.55
830,Latisha,Jime,ljimen1@etsy.com,Female,232.83.98.97
831,Ashbey,Christin,achristinn2@printfriendly.com,Male,40.102.133.4
832,Michaeline,Merrien,mmerrienn3@google.co.jp,Female,164.35.244.90
833,Kent,Kinsman,kkinsmann4@pinterest.com,Male,33.11.254.6
834,Hillier,Langrish,hlangrishn5@woothemes.com,Male,173.213.184.222
835,Gabriella,Dennett,gdennettn6@amazon.co.jp,Female,90.238.1.251
836,Aylmar,O'Teague,aoteaguen7@stanford.edu,Male,193.35.109.18
837,Wilfrid,Houson,whousonn8@chronoengine.com,Male,90.120.45.96
838,Buddy,Ayshford,bayshfordn9@gravatar.com,Male,50.127.161.179
839,Rena,Rickerby,rrickerbyna@ocn.ne.jp,Female,45.40.43.55
840,Inglis,Goggin,igogginnb@sogou.com,Male,138.134.109.146
841,Padraic,Ollivierre,pollivierrenc@prlog.org,Male,15.68.223.220
842,Candy,Vasyatkin,cvasyatkinnd@youtu.be,Female,219.65.207.122
843,Rollo,Beau,rbeaune@who.int,Male,167.248.146.156
844,Karlen,Wyvill,kwyvillnf@mac.com,Female,204.175.121.190
845,Adella,Matelyunas,amatelyunasng@washingtonpost.com,Female,93.229.30.197
846,Vinny,McNish,vmcnishnh@foxnews.com,Female,241.14.127.87
847,Izaak,Hastwall,ihastwallni@sciencedirect.com,Male,237.153.61.204
848,Pandora,Storre,pstorrenj@amazon.com,Female,74.186.31.239
849,Evangelin,Bulstrode,ebulstrodenk@mit.edu,Female,162.167.232.102
850,Jenda,Cooksley,jcooksleynl@sfgate.com,Female,249.192.101.74
851,Rachele,Gannaway,rgannawaynm@soundcloud.com,Female,62.52.13.181
852,Milly,Rignoldes,mrignoldesnn@gov.uk,Female,150.197.78.182
853,Sunny,Stidworthy,sstidworthyno@yahoo.com,Female,148.72.156.52
854,Shena,Brownsword,sbrownswordnp@google.fr,Female,27.44.87.99
855,Cedric,D'Onisi,cdonisinq@goo.ne.jp,Male,116.191.60.210
856,Hilario,Marusyak,hmarusyaknr@github.io,Male,218.85.129.107
857,Porty,Casine,pcasinens@cnet.com,Male,196.30.229.245
858,Barrett,Berns,bbernsnt@buzzfeed.com,Male,192.106.45.121
859,Edlin,Dreakin,edreakinnu@bluehost.com,Male,247.27.159.118
860,Wake,Neward,wnewardnv@imgur.com,Male,113.14.26.175
861,Krista,Habard,khabardnw@csmonitor.com,Female,55.96.81.24
862,Conant,Nern,cnernnx@businesswire.com,Male,82.225.244.6
863,Drusy,Avrasin,davrasinny@imdb.com,Female,93.236.249.197
864,Merrick,Harrhy,mharrhynz@ovh.net,Male,76.18.160.17
865,Gerhard,Proven,gproveno0@seattletimes.com,Male,87.121.49.185
866,Eberhard,Blackhurst,eblackhursto1@cisco.com,Male,241.80.239.251
867,Charleen,Cutforth,ccutfortho2@wp.com,Female,31.225.45.73
868,Coralyn,Giroldi,cgiroldio3@oracle.com,Female,26.110.23.22
869,Loydie,Cruwys,lcruwyso4@aol.com,Male,40.37.132.37
870,Stirling,Sketh,ssketho5@webnode.com,Male,228.139.118.225
871,Erl,Fawson,efawsono6@multiply.com,Male,94.151.252.28
872,Armin,De Gregario,adegregarioo7@amazon.co.jp,Male,41.53.164.63
873,Adriena,Mac Giolla Pheadair,amacgiollapheadairo8@oakley.com,Female,135.160.109.65
874,Micaela,Vicioso,mviciosoo9@friendfeed.com,Female,24.208.172.98
875,Artie,Peers,apeersoa@jugem.jp,Male,72.208.199.18
876,Kaylee,Capnor,kcapnorob@etsy.com,Female,10.222.3.51
877,Mikkel,Jay,mjayoc@oakley.com,Male,196.94.123.27
878,Basilio,Santen,bsantenod@berkeley.edu,Male,220.153.112.249
879,Lyon,Seedhouse,lseedhouseoe@admin.ch,Male,133.38.69.116
880,Silvan,Lasslett,slasslettof@ezinearticles.com,Male,116.79.133.177
881,Gaspard,Sherer,gshererog@springer.com,Male,133.123.29.66
882,Ardisj,Weson,awesonoh@fema.gov,Female,219.62.110.1
883,Levy,Tirrell,ltirrelloi@skype.com,Male,101.222.247.10
884,Reba,Wooding,rwoodingoj@joomla.org,Female,60.110.141.56
885,Cammy,Grieves,cgrievesok@reference.com,Male,77.107.95.129
886,Stormi,Ingree,singreeol@wordpress.org,Female,237.156.133.197
887,Muffin,Grocott,mgrocottom@howstuffworks.com,Male,114.2.195.217
888,Jessie,Cohen,jcohenon@hud.gov,Male,114.69.182.202
889,Pat,Cowland,pcowlandoo@vk.com,Female,159.195.50.233
890,Moshe,Ronaghan,mronaghanop@amazonaws.com,Male,157.38.158.94
891,Adolph,Lauchlan,alauchlanoq@yolasite.com,Male,155.208.79.93
892,Claudianus,Normanvill,cnormanvillor@nhs.uk,Male,120.95.33.242
893,Elana,Toman,etomanos@salon.com,Female,35.33.67.129
894,Erek,Fellman,efellmanot@facebook.com,Male,205.191.188.114
895,Gabi,Mazdon,gmazdonou@blogger.com,Female,178.82.231.112
896,Klemens,Wellman,kwellmanov@dmoz.org,Male,107.216.85.167
897,Flore,Tomala,ftomalaow@51.la,Female,12.132.207.134
898,Kristin,Kennford,kkennfordox@webmd.com,Female,68.246.185.230
899,Robina,Minillo,rminillooy@ca.gov,Female,85.175.232.36
900,Cassaundra,Hydes,chydesoz@vk.com,Female,16.159.30.37
901,Frieda,Featherstonehaugh,ffeatherstonehaughp0@constantcontact.com,Female,214.85.22.24
902,Griffie,Stieger,gstiegerp1@acquirethisname.com,Male,65.1.137.42
903,Kirbee,Gimblett,kgimblettp2@walmart.com,Female,211.252.214.62
904,Wandie,Voller,wvollerp3@kickstarter.com,Female,31.50.55.27
905,Peri,Matthiesen,pmatthiesenp4@paypal.com,Female,251.222.197.233
906,Elly,Gettens,egettensp5@chicagotribune.com,Female,118.26.195.161
907,Lesley,Romanski,lromanskip6@hatena.ne.jp,Male,0.155.103.229
908,Neda,Ancliff,nancliffp7@mac.com,Female,1.15.250.86
909,Ammamaria,Stansby,astansbyp8@furl.net,Female,185.105.73.124
910,Garfield,Dunnett,gdunnettp9@msu.edu,Male,68.246.87.91
911,Devonna,Gabb,dgabbpa@desdev.cn,Female,92.37.117.81
912,Maryrose,Goudy,mgoudypb@kickstarter.com,Female,122.181.21.47
913,Onofredo,Parks,oparkspc@altervista.org,Male,10.153.85.90
914,Sydney,Mansel,smanselpd@51.la,Male,232.28.9.140
915,Tirrell,Asker,taskerpe@chicagotribune.com,Male,17.38.226.25
916,Izak,Sporgeon,isporgeonpf@reverbnation.com,Male,209.131.19.167
917,Jamesy,Crush,jcrushpg@cargocollective.com,Male,9.39.5.108
918,Rossy,Troth,rtrothph@smugmug.com,Male,196.228.119.213
919,Aube,Martina,amartinapi@accuweather.com,Male,220.84.203.126
920,Henrieta,Emes,hemespj@taobao.com,Female,134.52.103.41
921,Josi,Moakler,jmoaklerpk@gnu.org,Female,177.185.101.224
922,Thalia,Joselevitch,tjoselevitchpl@geocities.com,Female,239.229.150.132
923,Dannel,Thomson,dthomsonpm@zdnet.com,Male,49.145.145.180
924,Etti,Pren,eprenpn@hud.gov,Female,119.36.43.8
925,Nealon,McKenna,nmckennapo@newyorker.com,Male,96.107.210.187
926,Pascale,Hanigan,phaniganpp@theglobeandmail.com,Male,94.75.227.101
927,Damian,Chavez,dchavezpq@wired.com,Male,225.250.74.249
928,Quinn,Grafton-Herbert,qgraftonherbertpr@163.com,Male,163.182.46.181
929,Goraud,Chavez,gchavezps@walmart.com,Male,160.236.30.55
930,Haleigh,Wilbraham,hwilbrahampt@epa.gov,Male,67.203.151.214
931,Thatcher,Brik,tbrikpu@webeden.co.uk,Male,105.39.15.130
932,Jeniffer,Menlove,jmenlovepv@last.fm,Female,64.152.137.82
933,Mark,Cockrill,mcockrillpw@mit.edu,Male,63.161.153.230
934,Consolata,Pyle,cpylepx@usda.gov,Female,242.74.77.154
935,Jazmin,Cashford,jcashfordpy@patch.com,Female,26.255.82.12
936,Cilka,Kettlesting,ckettlestingpz@mediafire.com,Female,102.38.200.57
937,Gardiner,Wolfindale,gwolfindaleq0@ning.com,Male,113.5.79.200
938,Sondra,Bullas,sbullasq1@wikia.com,Female,113.68.225.95
939,Coralie,Darree,cdarreeq2@bravesites.com,Female,208.150.141.89
940,Marwin,Souch,msouchq3@chron.com,Male,91.255.48.244
941,Ernestine,Tree,etreeq4@businesswire.com,Female,188.197.136.207
942,Ellwood,Brandes,ebrandesq5@craigslist.org,Male,108.223.114.196
943,Etienne,Gosford,egosfordq6@google.cn,Male,1.190.99.134
944,Claudia,Dignam,cdignamq7@google.com.hk,Female,226.42.254.167
945,Jody,Siderfin,jsiderfinq8@jiathis.com,Male,79.23.183.51
946,Ingemar,Headon,iheadonq9@comsenz.com,Male,223.10.180.17
947,Nevile,Pridden,npriddenqa@arstechnica.com,Male,56.135.112.37
948,Clive,Dowd,cdowdqb@hatena.ne.jp,Male,133.155.222.175
949,Tessi,Goodnow,tgoodnowqc@constantcontact.com,Female,129.52.68.48
950,Wadsworth,Cresswell,wcresswellqd@house.gov,Male,21.232.151.174
951,Kellby,Coolahan,kcoolahanqe@stumbleupon.com,Male,76.80.134.184
952,Neville,Larmet,nlarmetqf@craigslist.org,Male,252.187.88.71
953,Celine,Downe,cdowneqg@weibo.com,Female,85.7.172.15
954,Margarete,Walster,mwalsterqh@techcrunch.com,Female,254.183.215.96
955,Ludwig,Heiss,lheissqi@nydailynews.com,Male,205.78.74.159
956,Jandy,Beardmore,jbeardmoreqj@lulu.com,Female,203.157.152.54
957,Gherardo,Keneleyside,gkeneleysideqk@mysql.com,Male,0.28.178.208
958,Pandora,Turban,pturbanql@4shared.com,Female,168.103.218.131
959,Shayna,Learoyde,slearoydeqm@mapquest.com,Female,80.148.166.188
960,Jeremiah,Vaughten,jvaughtenqn@ow.ly,Male,107.246.183.252
961,Antonella,Embery,aemberyqo@wisc.edu,Female,205.152.153.48
962,Wandie,Hounihan,whounihanqp@ifeng.com,Female,180.16.248.242
963,Mayer,Darwood,mdarwoodqq@icq.com,Male,120.59.103.62
964,Ellwood,Nesbeth,enesbethqr@wordpress.com,Male,10.26.141.78
965,Bobbette,McCaughey,bmccaugheyqs@friendfeed.com,Female,240.226.227.73
966,Percy,Kuhlmey,pkuhlmeyqt@ebay.co.uk,Male,62.95.57.107
967,Kristen,Keinrat,kkeinratqu@altervista.org,Female,215.8.217.79
968,Leonora,Coltman,lcoltmanqv@theatlantic.com,Female,217.137.118.131
969,Anton,Hallows,ahallowsqw@jimdo.com,Male,24.39.203.193
970,Andres,Stanyer,astanyerqx@globo.com,Male,219.244.12.159
971,Bondy,Ordish,bordishqy@cisco.com,Male,62.39.110.31
972,Amos,Lowing,alowingqz@rediff.com,Male,72.131.127.249
973,Kata,Chree,kchreer0@multiply.com,Female,18.7.61.228
974,Yulma,Gavin,ygavinr1@wikimedia.org,Male,158.46.179.248
975,Woodie,Jannequin,wjannequinr2@photobucket.com,Male,140.170.184.255
976,Neils,Laxston,nlaxstonr3@washington.edu,Male,74.214.115.23
977,Gwynne,Merrikin,gmerrikinr4@ocn.ne.jp,Female,250.7.132.126
978,Noble,Hember,nhemberr5@themeforest.net,Male,125.54.211.75
979,Tierney,Coverdill,tcoverdillr6@cdc.gov,Female,185.44.154.2
980,Pierrette,Utley,putleyr7@topsy.com,Female,13.180.42.97
981,Bernardine,Clethro,bclethror8@51.la,Female,132.207.92.57
982,Imogene,Sinnett,isinnettr9@mail.ru,Female,175.204.94.39
983,Cacilia,Dumigan,cdumiganra@gnu.org,Female,104.106.225.75
984,Tyne,Woolacott,twoolacottrb@weibo.com,Female,49.21.250.106
985,Lindsey,Raincin,lraincinrc@cbc.ca,Female,89.123.101.46
986,Orville,Palin,opalinrd@tripod.com,Male,106.53.156.222
987,Granville,Leadstone,gleadstonere@redcross.org,Male,195.30.103.73
988,Monro,Verrills,mverrillsrf@chicagotribune.com,Male,247.150.56.59
989,Georges,Solly,gsollyrg@icio.us,Male,64.113.163.4
990,Matias,Gendrich,mgendrichrh@lulu.com,Male,30.182.98.122
991,Guido,Poznan,gpoznanri@rediff.com,Male,137.195.113.213
992,Roxanne,Lawlan,rlawlanrj@example.com,Female,127.134.185.198
993,Sloan,Sykora,ssykorark@oakley.com,Male,113.159.1.71
994,Andonis,Gruczka,agruczkarl@infoseek.co.jp,Male,97.65.114.47
995,Noel,Hayton,nhaytonrm@sfgate.com,Female,76.21.43.142
996,Montague,Bulfit,mbulfitrn@blogs.com,Male,130.232.177.37
997,Alister,Connett,aconnettro@ox.ac.uk,Male,86.149.102.0
998,Florian,Spragge,fspraggerp@e-recht24.de,Male,101.10.0.179
999,Cybill,Gayler,cgaylerrq@mysql.com,Female,172.236.41.175
1000,Esdras,Ariss,earissrr@privacy.gov.au,Male,72.108.27.154
